Identifier,Edition Statement,Place of Publication,Date of Publication,Publisher,Title,Author,Contributors,Issuance type,Flickr URL,Shelfmarks
206,,London,,S. Tinsley & Co.,Walter Forbes. [A novel.] By A. A,A. A.,"FORBES, Walter.",monographic,http://www.flickr.com/photos/britishlibrary/tags/sysnum000000206,British Library HMNTS 12641.b.30.
216,,London,1868,Virtue & Co.,"All for Greed. [A novel. The dedication signed: A. A. A., i.e. Marie Pauline Rose, Baroness Blaze de Bury.]","A., A. A.","BLAZE DE BURY, Marie Pauline Rose - Baroness",monographic,http://www.flickr.com/photos/britishlibrary/tags/sysnum000000216,British Library HMNTS 12626.cc.2.
218,,London,1869,"Bradbury, Evans & Co.","Love the Avenger. By the author of “All for Greed.” [The dedication signed: A. A. A., i.e. Marie Pauline Rose, Baroness Blaze de Bury.]","A., A. A.","BLAZE DE BURY, Marie Pauline Rose - Baroness",monographic,http://www.flickr.com/photos/britishlibrary/tags/sysnum000000218,British Library HMNTS 12625.dd.1.
472,,London,1851,James Darling,"Welsh Sketches, chiefly ecclesiastical, to the close of the twelfth century. By the author of “Proposals for Christian Union” (E. S. A. [i.e. Ernest Appleyard])","A., E. S.","Appleyard, Ernest Silvanus.",monographic,http://www.flickr.com/photos/britishlibrary/tags/sysnum000000472,British Library HMNTS 10369.bbb.15.
480,"A new edition, revised, etc.",London,1857,Wertheim & Macintosh,"[The World in which I live, and my place in it. By E. S. A. [i.e. Letitia Willgoss Stone.] Edited by ... J. H. Broome.]","A., E. S.","BROOME, John Henry.",monographic,http://www.flickr.com/photos/britishlibrary/tags/sysnum000000480,British Library HMNTS 9007.d.28.
481,"Fourth edition, revised, etc.",London,1875,William Macintosh,"[The World in which I live, and my place in it. By E. S. A. [i.e. Letitia Willgoss Stone.] Edited by ... J. H. Broome.]","A., E. S.","BROOME, John Henry.",monographic,http://www.flickr.com/photos/britishlibrary/tags/sysnum000000481,British Library HMNTS 9006.ee.10.
519,,London,1872,The Author,Lagonells. By the author of Darmayne (F. E. A. [i.e. Florence Emily Ashley]),"A., F. E.","ASHLEY, Florence Emily.",monographic,http://www.flickr.com/photos/britishlibrary/tags/sysnum000000519,British Library HMNTS 12637.e.3.
874,,London,1676,,"A Warning to the inhabitants of England, and London in particular ... By M. A. [i.e. Mary Adams.]",Remaʿ.,"ADAMS, Mary.",monographic,http://www.flickr.com/photos/britishlibrary/tags/sysnum000000874,British Library HMNTS 11645.bb.42.
1143,,London,1679,,A Satyr against Vertue. (A poem: supposed to be spoken by a Town-Hector. [By John Oldham. The preface signed: T. A.]),"A., T.","OLDHAM, John.",monographic,http://www.flickr.com/photos/britishlibrary/tags/sysnum000001143,British Library HMNTS 11602.ee.10.(2.)
2854,,London,1865,E. Moxon & Co.,"See-Saw; a novel ... Edited [or rather, written] by W. W. Reade","ABATI, Francesco.","READE, William Winwood.",monographic,http://www.flickr.com/photos/britishlibrary/tags/sysnum000002854,British Library HMNTS 12623.bbb.12.
4884,,London,1820,J. Hatchard & Son,"Abdallah; or, The Arabian Martyr: a Christian drama, in three acts. [In verse.] [By Thomas Foster Barham, the Elder.]",,"BARHAM, Thomas Foster - the Elder",monographic,http://www.flickr.com/photos/britishlibrary/tags/sysnum000004884,British Library HMNTS 994.l.1.(7.)
5382,,London,,Punch Office,"The Comic History of England ... With ... coloured etchings, and ... woodcuts, by John Leech","A'BECKETT, Gilbert Abbott.","LEECH, John - Artist",monographic,http://www.flickr.com/photos/britishlibrary/tags/sysnum000005382,British Library HMNTS C.131.d.16.|British Library HMNTS 9505.d.3.
5385,Another edition. Illustrated by John Leech.,London,,"Bradbury, Agnew & Co.","[The comic history of England ... With twenty coloured etchings, and two hundred woodcuts. By John Leech.]","A'BECKETT, Gilbert Abbott.","LEECH, John - Artist",monographic,http://www.flickr.com/photos/britishlibrary/tags/sysnum000005385,British Library HMNTS 9503.f.4.
5389,Another edition.,London,,"Bradbury, Agnew & Co.",[The Comic History of Rome ... Illustrated by John Leech.],"A'BECKETT, Gilbert Abbott.","LEECH, John - Artist",monographic,http://www.flickr.com/photos/britishlibrary/tags/sysnum000005389,British Library HMNTS 9039.i.11.
6036,,London,1805,C. & R. Baldwin,"The Venetian Outlaw, a drama in three acts ... Translated [from the French translation of J. H. D. Zschokke's “Abällino, oder der grosse Bandit”] and adapted to the English stage by R. W. Elliston",,"ELLISTON, Robert William.",monographic,http://www.flickr.com/photos/britishlibrary/tags/sysnum000006036,British Library HMNTS 642.i.25.|British Library HMNTS 164.g.68.
8435,,London,1892,Effingham Wilson & Co.,The Witwatersrand Gold Mines. A true and unvarnished account of their origin and progress ... Translated ... by H. C. Simonsen,"ABRAHAM, Félix - Writer on Mining","SIMONSEN, H. C.",monographic,http://www.flickr.com/photos/britishlibrary/tags/sysnum000008435,British Library HMNTS 7106.b.46.
8440,,London,1894,Effingham Wilson,The New Era of the Goldmining Industry in the Witwatersrand ... Translated from the German by H. C. Simonsen. With an authentic map of the fields,"ABRAHAM, Félix - Writer on Mining","SIMONSEN, H. C.",monographic,http://www.flickr.com/photos/britishlibrary/tags/sysnum000008440,British Library HMNTS 07108.g.6.
13074,,London,1899,W. Thacker & Co.,"A Summer in High Asia: being a record of sport and travel in Baltistan and Ladakh ... With an appendix on Central Asian trade by Capt. S. H. Godfrey ... Illustrated from drawings by the author, photographs, and a map of the route","ADAIR, Frederick Edward Shafto.","GODFREY, Stuart Hill.",monographic,http://www.flickr.com/photos/britishlibrary/tags/sysnum000013074,British Library HMNTS 10077.d.27.|British Library OC V 3030
13364,,London,,"Griffith, Farran & Co.","A Hand-book and History of Sidmouth from the Triassic period up to “Now.” By אדם [Adam, i.e. P. O. Hutchinson]. Illustrated ... With map",,"HUTCHINSON, Peter Orlando.",monographic,http://www.flickr.com/photos/britishlibrary/tags/sysnum000013364,British Library HMNTS 10358.g.35.(4.)|British Library HMNTS 10352.d.32.
14466,,London,,Adams & King,"The Historie of Eald Street, now called Old Street, with memoranda of the Parish of St. Luke and of the Chartreuse",,"KING - Printer, of Goswell Street",monographic,http://www.flickr.com/photos/britishlibrary/tags/sysnum000014466,British Library HMNTS 10352.i.24.
15141,,London,1893,T. Fisher Unwin,The New Egypt. A social sketch. [Edited by J. W. Longsdon.],"ADAMS, Francis William Lauderdale.","LONGSDON, J. W.",monographic,http://www.flickr.com/photos/britishlibrary/tags/sysnum000015141,British Library HMNTS 010096.e.61.
15146,,London,1894,T. Fisher Unwin,Tiberius: a drama ... With introduction by W. M. Rossetti,"ADAMS, Francis William Lauderdale.","ROSSETTI, William Michael.",monographic,http://www.flickr.com/photos/britishlibrary/tags/sysnum000015146,British Library HMNTS 11781.gg.4.
16543,,London,1816,John Murray,"The Narrative of Robert Adams, a sailor, who was wrecked on the Western Coast of Africa, in the year 1810 ... With a map, etc. [Edited by S. Cock.]","Adams, Robert - Sailor","COCK, Simon.",monographic,http://www.flickr.com/photos/britishlibrary/tags/sysnum000016543,British Library HMNTS 983.e.7.|British Library HMNTS 147.e.3.|British Library HMNTS G.2842.
17602,,London,1897,J. Bowden,East End Idylls ... With an introduction by the Hon. and Rev. J. G. Adderley,"Adcock, Arthur St. John","ADDERLEY, James Granville - Hon",monographic,http://www.flickr.com/photos/britishlibrary/tags/sysnum000017602,British Library HMNTS 012625.i.5.
18173,Another edition. With a complete index. With a portrait engraved by Hopewood.,London,1804,Vernor & Hood,"[The Works of the late Right Honourable Joseph Addison, Esq. ... The third edition, etc. [Edited by Thomas Tickell.]]: Works","ADDISON, Joseph - Right Hon","TICKELL, Thomas.",monographic,http://www.flickr.com/photos/britishlibrary/tags/sysnum000018173,British Library HMNTS 12269.d.7.
20960,,London,1853,Addey & Co.,"The Diary and Houres of the Ladye Adolie, a faythfulle childe. 1552. [Edited, or rather written, by Lady C. M. Pepys.]",,"PEPYS, Charlotte Maria - Lady",monographic,http://www.flickr.com/photos/britishlibrary/tags/sysnum000020960,British Library HMNTS 12620.d.7.
21119,,London,1874,Chapman & Hall,"Lays of Modern Oxford, by Adon. Illustrated by M. E. Edwards, F. Lockwood, and the author",,"EDWARDS, Mary Ellen.|LOCKWOOD, Frank - Sir",monographic,http://www.flickr.com/photos/britishlibrary/tags/sysnum000021119,British Library HMNTS 11650.g.9.
21430,,London,1790,J. Johnson,"Adriano; or, the first of June, a poem. By the author of The Village Curate [i.e. James Hurdis]",,"Hurdis, James",monographic,http://www.flickr.com/photos/britishlibrary/tags/sysnum000021430,British Library HMNTS 11632.d.48.(2.)|British Library HMNTS 992.k.27.(3.)|British Library HMNTS 1508/379.(2.)
21782,,London,,J. Johnston,"The Adventures of a Post Captain. By a Naval Officer. [In verse.] With ... engravings, by Mr. Williams",,"WILLIAMS, Samuel - Wood Engraver",monographic,http://www.flickr.com/photos/britishlibrary/tags/sysnum000021782,British Library HMNTS 11642.g.19.
22105,,London,1795,J. Debrett,"The National Advocates, a poem. Affectionately inscribed to the Honourable Thomas Erskine and Vicary Gibbs, Esquire [in praise of their exertions in defence of Thomas Hardy, Horne Tooke and others]. [By William Hayley.]",,"GIBBS, Vicary - Sir",monographic,http://www.flickr.com/photos/britishlibrary/tags/sysnum000022105,British Library HMNTS 644.k.24.(5.)|British Library HMNTS 11641.h.11.(7.)
23565,,London,1877,Chatto & Windus,Prometheus the Fire-giver. An attempted restoration of the lost first part of the Prometheian Trilogy of Æschylus. [By William Cox Bennett.]: Appendix,Aeschylus.,"BENNETT, William Cox.",monographic,http://www.flickr.com/photos/britishlibrary/tags/sysnum000023565,British Library HMNTS 11652.c.8.
24878,,London,,Hodder & Stoughton,"The Children of Africa. Written for all English-speaking children. By ... the author of “The Children of India,” etc. [i.e. A. W. Marston]",,"MARSTON, Annie Wright.",monographic,http://www.flickr.com/photos/britishlibrary/tags/sysnum000024878,British Library HMNTS 10095.e.1.
27797,,London,,William W. Clowes,"Prospectus of an Expedition into the Interior of South Africa from Dalagoa Bay, etc. [By W. D. Cooley.]: General Appendix",,"COOLEY, William Desborough.",monographic,http://www.flickr.com/photos/britishlibrary/tags/sysnum000027797,British Library HMNTS 010096.h.36.
28873,,London,1853,Chapman & Hall,"Agatha's Husband. A novel. By the author of “Olive,” etc. [i.e. D. M. Mulock, afterwards Craik.]",,"Craik, Dinah Maria Mulock",monographic,http://www.flickr.com/photos/britishlibrary/tags/sysnum000028873,British Library HMNTS 12626.e.16.
28876,Another edition. With illustrations by Walter Crane.,London,1875,Macillan & Co.,"[Agatha's Husband. A novel. By the author of “Olive,” etc. [i.e. D. M. Mulock, afterwards Craik.]]",,"CRANE, Walter.|Craik, Dinah Maria Mulock",monographic,http://www.flickr.com/photos/britishlibrary/tags/sysnum000028876,British Library HMNTS 12619.h.27.
29031,,London,1827,William Carpenter,The Age Reviewed: a satire. [In verse. By Robert Montgomery.],,"MONTGOMERY, Robert - Author of “Satan.”",monographic,http://www.flickr.com/photos/britishlibrary/tags/sysnum000029031,British Library HMNTS 992.l.33.
29032,"Second edition, etc.",London,1828,W. C. Wright,[The Age Reviewed: a satire. [In verse. By Robert Montgomery.]],,"MONTGOMERY, Robert - Author of “Satan.”",monographic,http://www.flickr.com/photos/britishlibrary/tags/sysnum000029032,British Library HMNTS 11642.g.36.
29285,,London,1876,Chapman & Hall,Through the Ages. A psychological romance. By the author of “The Honeymoon” [i.e. the Duke de Medina Pomar],,"MEDINA-POMAR, de - Duke",monographic,http://www.flickr.com/photos/britishlibrary/tags/sysnum000029285,British Library HMNTS 12636.dd.5.
31858,,London,1823,G. & W. B. Whittaker,"Ahasuerus, the Wanderer; a dramatic legend [in verse] ... By the author of Sketches in Hindoostan, and other poems [i.e. Thomas Medwin]",,"MEDWIN, Thomas.",monographic,http://www.flickr.com/photos/britishlibrary/tags/sysnum000031858,British Library HMNTS 993.i.1.
33745,,London,1825,Longman & Co.,The Works of Anna Lætitia Barbauld. With a memoir by Lucy Aikin,"AIKIN, afterwards BARBAULD, Anna Laetitia.","Aikin, Lucy",monographic,http://www.flickr.com/photos/britishlibrary/tags/sysnum000033745,British Library HMNTS 994.h.2.|British Library HMNTS G.12828.; G.12829.
33881,"A new edition, with additions and corrections, and a supplement by R. H. Evans.",London,1810,R. H. Evans,[Essays on song-writing: with a collection of such English songs as are most eminent for poetical merit. To which are added some original pieces. [By J. Aikin.]],"AIKIN, John - M.D","EVANS, Robert Harding.",monographic,http://www.flickr.com/photos/britishlibrary/tags/sysnum000033881,British Library HMNTS 11622.c.1.
34463,,London,1872,J. Maxwell & Co.,"Robert Ainsleigh. By the author of 'Lady Audley's Secret,' etc. [i.e. Mary E. Braddon]","AINSLEIGH, Robert.","Braddon, M. E. (Mary Elizabeth)",monographic,http://www.flickr.com/photos/britishlibrary/tags/sysnum000034463,British Library HMNTS 12627.n.1.
34785,,London,,J. Maxwell & Co.,The illustrated universal gazetteer,,"AINSWORTH, William Francis.",monographic,http://www.flickr.com/photos/britishlibrary/tags/sysnum000034785,British Library HMNTS 10003.d.14.
34793,,London,,C. Griffin & Co.,"Wanderings in every Clime; or, voyages, travels, and adventures all round the world ... A sequel to “The Earth delineated with pen and pencil” ... With ... illustrations, etc","AINSWORTH, William Francis.","Doré, Gustave",monographic,http://www.flickr.com/photos/britishlibrary/tags/sysnum000034793,British Library HMNTS 10027.h.8.
34810,,London,1872,Tinsley Bros.,"Boscobel; or, the Royal Oak. A tale of the year 1651 ... Illustrated by J. H. Rimbault","Ainsworth, William Harrison","RIMBAULT, J. H.",monographic,http://www.flickr.com/photos/britishlibrary/tags/sysnum000034810,British Library HMNTS 12630.dd.1.
34826,,London,1861,Chapman & Hall,The Constable of the Tower: an historical romance ... Illustrated by John Gilbert,"Ainsworth, William Harrison","Gilbert, John - Sir",monographic,http://www.flickr.com/photos/britishlibrary/tags/sysnum000034826,British Library HMNTS 12634.g.1.
34852,"New edition, with illustrations by Sir John Gilbert.",London,,G. Routledge & Sons,"[The Flitch of Bacon: or, the Custom of Dunmow. A tale of English home. With illustrations by John Gilbert.]","Ainsworth, William Harrison","Gilbert, John - Sir",monographic,http://www.flickr.com/photos/britishlibrary/tags/sysnum000034852,British Library HMNTS 12620.ee.28.
34914,,London,,G. Routledge & Co.,Mervyn Clitheroe ... Illustrated by Hablot K. Browne,"Ainsworth, William Harrison","BROWNE, Hablot Knight.",monographic,http://www.flickr.com/photos/britishlibrary/tags/sysnum000034914,British Library HMNTS 12620.d.8.
34952,,London,1860,"Routledge, Warne & Routledge",Ovingdean Grange. A tale of the South Downs. Illustrated by Hablot K. Browne,"Ainsworth, William Harrison","BROWNE, Hablot Knight.",monographic,http://www.flickr.com/photos/britishlibrary/tags/sysnum000034952,British Library HMNTS 12621.h.18.
34967,Another edition. With illustrations by John Gilbert.,London,1857,G. Routledge & Co.,[Rookwood ... The fourth edition ... with illustrations by George Cruikshank. [With a portrait.]],"Ainsworth, William Harrison","Gilbert, John - Sir",monographic,http://www.flickr.com/photos/britishlibrary/tags/sysnum000034967,British Library HMNTS 12620.e.8.
34987,,London,,G. Routledge & Co.,The Spendthrift: a tale ... With illustrations by Hablot K. Browne,"Ainsworth, William Harrison","BROWNE, Hablot Knight.",monographic,http://www.flickr.com/photos/britishlibrary/tags/sysnum000034987,British Library HMNTS 12602.g.5.
36231,,London,1878,William Poole,Plimsoll's England. A satire. By Ajax. [In verse.],,"PLIMSOLL, Samuel.",monographic,http://www.flickr.com/photos/britishlibrary/tags/sysnum000036231,British Library HMNTS 11646.g.51.(21.)
36721,,London,1897,Bliss & Sands,"Triscombe Stone: a romance of the Quantock Hills, etc","AKERMAN, Portland Board - and HURST (Norman)","HURST, Norman.",monographic,http://www.flickr.com/photos/britishlibrary/tags/sysnum000036721,British Library HMNTS 012625.f.44.
38986,,London,1827,William Marsh,"Scenes and Occurrences in Albany and Cafferland, South Africa. [By T. Phillips.]",,"PHILLIPS, T. - Rev., Baptist Missionary",monographic,http://www.flickr.com/photos/britishlibrary/tags/sysnum000038986,British Library HMNTS 790.d.17.
39670,,London,1808,T. & R. Hughes,"Albert and Rosalie, or the Fire King. A grand melodrama, in three acts. [By F. F. Warton. In verse.]",,"WARTON, Ferdinand Fullarton.",monographic,http://www.flickr.com/photos/britishlibrary/tags/sysnum000039670,British Library HMNTS 11779.c.23.
40021,,London,1886,Macmillan & Co.,"The Cruise of Her Majesty's Ship “Bacchante,” 1879-1882. Compiled from the private journals, letters and note-books of Prince Albert Victor and Prince George of Wales, with additions by J. N. Dalton",,"DALTON, John Neale.",monographic,http://www.flickr.com/photos/britishlibrary/tags/sysnum000040021,British Library HMNTS 10024.cc.26.
41601,,London,1724,J. Roberts,"Albion; or, the Court of Neptune. A masque. [By Thomas Cooke.]",,"COOKE, Thomas - of Braintree, Essex",monographic,http://www.flickr.com/photos/britishlibrary/tags/sysnum000041601,British Library HMNTS 642.i.5.(1.)
41623,,London,1772,J. Wilkie,The Albion Princess: a pindaric ode. [By Robert Colvill.],,"COLVILL, Robert.",monographic,http://www.flickr.com/photos/britishlibrary/tags/sysnum000041623,British Library HMNTS 11602.gg.29.(11.)
42862,,London,,"James Carpenter, etc.","The Geographical and Historical Dictionary of America and the West Indies, containing an entire translation of the Spanish work of ... A. de Alcedo, with large additions ... by G. A. Thompson","ALCEDO, Antonio de.","THOMPSON, George Alexander.",monographic,http://www.flickr.com/photos/britishlibrary/tags/sysnum000042862,British Library HMNTS 797.dd.2.|British Library HMNTS 146.d.15-19.
42904,,London,1873,"Smith, Elder & Co.",Alcestis. [A novel. By Blanche Warre Cornish.],,"CORNISH, Blanche Warre.",monographic,http://www.flickr.com/photos/britishlibrary/tags/sysnum000042904,British Library HMNTS 12638.d.28.
42911,,London,1851,Richard Bentley,"Spiritual Alchemy; or, Trials turned to Gold. By the Author of “Hearts in Mortmain,” and “Cornelia” [i.e. Margaret Sandbach]",,"SANDBACH, Margaret - Mrs",monographic,http://www.flickr.com/photos/britishlibrary/tags/sysnum000042911,British Library HMNTS 12625.b.11.
43140,,London,1835,Richard Bentley,Recollections of an Excursion to the Monasteries of Alcobaça & Batalha. By the author of Vathek [i.e. W. Beckford. With a portrait],,"Beckford, William",monographic,http://www.flickr.com/photos/britishlibrary/tags/sysnum000043140,British Library HMNTS 1050.g.16.
43252,,London,1799,C. Dilly,"Poems, &c. &c. [Edited by Joanna Hughes.]","ALCOCK, Mary - Poetical Writer","HUGHES, Joanna.",monographic,http://www.flickr.com/photos/britishlibrary/tags/sysnum000043252,British Library HMNTS 994.i.1.|British Library HMNTS RF.2004.a.50
45574,,London,1867,Hurst & Blackett,"Alec's Bride. By the author of “St. Olave's” [i.e. Eliza Tabor, afterwards Stephenson], etc",,"TABOR, afterwards STEPHENSON, Eliza.",monographic,http://www.flickr.com/photos/britishlibrary/tags/sysnum000045574,British Library HMNTS 12625.aaa.1.
48378,,London,1837,Henry Colburn,Narrative of a Voyage of Observation among the Colonies of Western Africa ... and of a campaign in Kaffir-Land ... in 1835 ... Illustrated with maps and plates by Major C. C. Michell,"Alexander, James Edward - Sir","MITCHELL, C. C. - Major",monographic,http://www.flickr.com/photos/britishlibrary/tags/sysnum000048378,British Library HMNTS 1047.k.11.
48384,,London,1830,Henry Colburn & Richard Bentley,"Travels to the Seat of War in the East, through Russia and the Crimea, in 1829, etc. [With plates and a map.]","Alexander, James Edward - Sir|ALEXANDER, John Henry - Engineer","DUCATEL, Julius Timoleon.",monographic,http://www.flickr.com/photos/britishlibrary/tags/sysnum000048384,British Library HMNTS 1048.c.12.|British Library OC T 15504
48908,,London,1841,J. R. Smith,"A Journey to Beresford Hall, the seat of Charles Cotton Esqre, the celebrated author and angler. [Preceded by a memoir of the author. The dedication signed: J. G.]","ALEXANDER, William - Assistant Keeper of Antiquities, British Museum","G., J.",monographic,http://www.flickr.com/photos/britishlibrary/tags/sysnum000048908,British Library HMNTS 10351.g.9.
51064,,London,,Richard Bentley,Through Algeria. By the author of “Life in Tuscany” [i.e. Mabll Sharman Crawford]: Appendix,,"CRAWFORD, Mabel Sharman.",monographic,http://www.flickr.com/photos/britishlibrary/tags/sysnum000051064,British Library HMNTS 10096.c.13.
51125,,London,,Goyder,"Travels in Algeirs, Spain, &c. &c. With a faithful ... account of the Algerines, etc. [By Sophia Barnard.]: Appendix",,"BARNARD, Sophia.",monographic,http://www.flickr.com/photos/britishlibrary/tags/sysnum000051125,British Library HMNTS 10095.g.35.
52316,,London,1883,W. Blackwood & Sons,"Alison. [A novel.] By the author of “Miss Molly,” etc. [i.e. Beatrice May Butt.]",,"BUTT, Beatrice May.",monographic,http://www.flickr.com/photos/britishlibrary/tags/sysnum000052316,British Library HMNTS 12635.u.10.
52859,,London,1807,J. J. Stockdale,"All the Talents' Garland; or, a Few Rockets let off at a celebrated Ministry. [By James Sayers.] ... Second edition",,"SAYERS, James.",monographic,http://www.flickr.com/photos/britishlibrary/tags/sysnum000052859,British Library HMNTS 11643.bbb.16.(1.)
55031,,London,,,The White Man's Foot ... With ... illustrations by J. Finnemore,"Allen, Grant","FINNEMORE, Joseph - Artist",monographic,http://www.flickr.com/photos/britishlibrary/tags/sysnum000055031,British Library HMNTS 012633.k.19.
56969,,London,1829,"I. T. Hinton, Holdworth & Ball",History of the Counties of Surrey and Sussex ... Illustrated by a series of views engraved ... by Nathaniel Whittock,"ALLEN, Thomas - Topographer","WHITTOCK, Nathaniel.",monographic,http://www.flickr.com/photos/britishlibrary/tags/sysnum000056969,British Library HMNTS 10360.s.22.|British Library HMNTS 10353.d.14.
57124,,London,1848,Richard Bentley,"A Narrative of the Expedition sent by Her Majestys Government to the River Niger in 1841, under the command of Capt. H. D. Trotter. [With plates.]","ALLEN, William - Captain, R.N., and THOMSON (Thomas Richard Heywood)","THOMSON, Thomas Richard Heywood.|TROTTER, Henry Dundas.",monographic,http://www.flickr.com/photos/britishlibrary/tags/sysnum000057124,British Library HMNTS 010095.e.46.
58178,,London,1897,Elliot Stock,"Captain Cuellar's Adventures in Connacht & Ulster, A.D. 1588 ... To which is added an introduction and complete translation of Captain Cuellar's Narrative of the Spanish Armada and his adventures in Ireland, by R. Crawford, etc","ALLINGHAM, Hugh.","CRAWFORD, Robert - M.R.I.A|CUELLAR, Franciso de.",monographic,http://www.flickr.com/photos/britishlibrary/tags/sysnum000058178,British Library HMNTS 9508.cc.2.
62084,,London,1814,Longman & Co.,"Alpine Sketches, comprised in a short tour through parts of Holland, Flanders, France, Savoy, Switzerland and Germany, during the summer of 1814. By a Member of the University of Oxford [i.e. George Wilson Bridges]",,"BRIDGES, George Wilson.",monographic,http://www.flickr.com/photos/britishlibrary/tags/sysnum000062084,British Library HMNTS 1049.h.10.
62125,,London,1824,W. Smith,"The Diary of a Traveller over Alps and Appenines; or, Daily minutes of a circuitous excursion. [By Murray Forbes.]",,"FORBES, Murray - Traveller",monographic,http://www.flickr.com/photos/britishlibrary/tags/sysnum000062125,British Library HMNTS 1426.e.11.
62129,,London,,Longmans & Co.,The Maritime Alps and their Seaboard. By the author of “Vera” [i.e. C. L. H. Dempster] ... With illustrations,,"DEMPSTER, Charlotte Louisa Hawkins.",monographic,http://www.flickr.com/photos/britishlibrary/tags/sysnum000062129,British Library HMNTS 10170.f.1.
66142,,London,1803,"T. Cadell and W. Davies, etc.","Amadis de Gaul: a poem in three books; freely translated from the first part of the French version of Nicolas de Heberay [sic], Sieur des Essars; with notes: by William Stewart Rose: Amadis de Gaula (Spanish romance). English. Abridgements. - Book 1",,"ROSE, William Stewart.",monographic,http://www.flickr.com/photos/britishlibrary/tags/sysnum000066142,British Library HMNTS 11641.d.3.
67034,,London,1850,Richard Bentley,"History of the War of the Sicilian Vespers ... [Translated by Anne B. I. Percy.] Edited, with an introduction and notes, by the Earl of Ellesmere","AMARI, Michele.","PERCY, Anne Barbara Isabel.",monographic,http://www.flickr.com/photos/britishlibrary/tags/sysnum000067034,British Library HMNTS 1440.g.14-16.
67200,,London,1818,The Author,"Poems, by an Amateur [i.e. Bernard Barton]",,"BARTON, Bernard.",monographic,http://www.flickr.com/photos/britishlibrary/tags/sysnum000067200,British Library HMNTS 11641.h.1.
68917,,London,1833,Longman & Co.,America and the Americans. By a Citizen of the World [i.e. James Boardman?],,"BOARDMAN, James - of Liverpool",monographic,http://www.flickr.com/photos/britishlibrary/tags/sysnum000068917,British Library HMNTS 792.e.11.
69151,,London,1863,Sampson Low & Co.,"Eighty Years' Progress of British North America, showing the developmentof its natural resources ... with a large amount of statistical information, etc. [By H. Y. Hind, T. C. Keefer, C. Robb, J. G. Hodgins, M. H. Perley and W. Murray.]",,"HODGINS, John George.|MURRAY, William - Rev|PERLEY, Moses H.|ROBB, Charles.",monographic,http://www.flickr.com/photos/britishlibrary/tags/sysnum000069151,British Library HMNTS 10470.d.1.
69302,,London,1838,Henry Colburn,The American in Paris. [By John Sanderson.],,"SANDERSON, John - of Philadelphia",monographic,http://www.flickr.com/photos/britishlibrary/tags/sysnum000069302,British Library HMNTS 1049.l.20.
69864,,London,1828,"Hurst, Chance & Co.",The Americans as they are; described in a tour through the valley of the Mississippi. By the author of “Austria as it is” [i.e. Charles Sealsfield],,"SEALSFIELD, Charles.",monographic,http://www.flickr.com/photos/britishlibrary/tags/sysnum000069864,British Library HMNTS 792.g.27.
70023,,London,,Oxford,"Aristophanes at Oxford. O.W. By Y.T.O. [i.e. L. C. M. S. Amery, F. W. Hirst and H. A. A. Cruso.]","Amery, L.S. (Leopold Stennett) - Right Hon","CRUSO, Henry Alfred Anthony.|O., Y. T.",monographic,http://www.flickr.com/photos/britishlibrary/tags/sysnum000070023,British Library HMNTS 11781.gg.3.
70719,Second edition.,London,1720,R. Francklin,"[An Epistle-with a Petition in it-to Sir John Blount, Bart., one of the Directors of the South-Sea Company. [In verse.]]","AMHURST, Nicholas.","BLUNT, John - Sir, Bart",monographic,http://www.flickr.com/photos/britishlibrary/tags/sysnum000070719,British Library HMNTS 1077.k.37.
70845,,London,1878,Sampson Low & Co.,Constantinople ... Translated ... by Caroline Tilton,"AMICIS, Edmondo de.","TILTON, Caroline.",monographic,http://www.flickr.com/photos/britishlibrary/tags/sysnum000070845,British Library HMNTS 10126.cc.3.|British Library HMNTS 10125.de.4.
70870,,London,,"Cassell, Petter, Galpin & Co.",Morocco: its people and places ... Translated by C. Rollin-Tilton. With ... illustrations,"AMICIS, Edmondo de.","TILTON, Caroline.",monographic,http://www.flickr.com/photos/britishlibrary/tags/sysnum000070870,British Library HMNTS 10094.ee.16.
70881,,London,1880,W. H. Allen & Co.,Holland ... Translated ... by Caroline Tilton: Olanda,"AMICIS, Edmondo de.","TILTON, Caroline.",monographic,http://www.flickr.com/photos/britishlibrary/tags/sysnum000070881,British Library HMNTS 10271.bb.5.
70882,,London,1883,Remington & Co.,Holland ... Translated ... by M. Saltire: Olanda,"AMICIS, Edmondo de.","SALTIRE, Maurice.",monographic,http://www.flickr.com/photos/britishlibrary/tags/sysnum000070882,British Library HMNTS 10270.b.29.
74635,,London,1894,Osgood & Co.,Only a Drummer Boy. (A novel.),"AMYAND, Arthur - pseud. [i.e. Edward Arthur Haggard.]","HAGGARD, Edward Arthur.",monographic,http://www.flickr.com/photos/britishlibrary/tags/sysnum000074635,British Library HMNTS 012630.h.20.
74645,,London,1747,Paul Vaillant,"Amyntor and Theodora: or, the Hermit. A poem. In three cantos. [By David Mallet.]",,"MALLET, David.",monographic,http://www.flickr.com/photos/britishlibrary/tags/sysnum000074645,British Library HMNTS 644.k.16.(7.)|British Library HMNTS 11630.d.12.(1.)|British Library HMNTS 11630.e.16.(20.)|British Library HMNTS 1465.i.6.(3.)
74647,New edition corrected by the author.,London,1748,,"[Amyntor and Theodora: or, the Hermit. A poem. In three cantos. [By David Mallet.]]",,"MALLET, David.",monographic,http://www.flickr.com/photos/britishlibrary/tags/sysnum000074647,British Library HMNTS 992.h.11.(5.)
75692,,London,,T. Davies,"The Anatomist: or, the Sham Doctor. A farce, etc. [In one act. Adapted from Edward Ravenscroft's comedy.]",,"RAVENSCROFT, Edward - Dramatist",monographic,http://www.flickr.com/photos/britishlibrary/tags/sysnum000075692,British Library HMNTS 643.h.2.(12.)
75704,,London,,Thomas Speed,"An Anatomy of Atheisme: a poem. By a person of quality [i.e. William Dawes, afterwards Archbishop of York]",,"DAWES, William - Sir, Bart., successively Bishop of Chester and Archbishop of York",monographic,http://www.flickr.com/photos/britishlibrary/tags/sysnum000075704,British Library HMNTS 1162.h.33.|British Library HMNTS 1077.l.3.(6.)|British Library HMNTS 162.l.48.
76454,,London,1839,Richard Bentley,A Summer in Andalucia. [By George Dennis.]: Appendix,,"DENNIS, George - Writer on Mediterranean Antiquities",monographic,http://www.flickr.com/photos/britishlibrary/tags/sysnum000076454,British Library HMNTS 791.g.31.
77405,,London,1888,"Griffith, Farran & Co.","The Story of the Mermaiden. Adapted from the German of Hans Andersen, by E. Ashe ... Illustrated by Laura Troubridge. [In verse.]: Eventyr. Single Tales","Andersen, H. C. (Hans Christian)","ASHE, E.|TROUBRIDGE, Laura Elizabeth Rachel.",monographic,http://www.flickr.com/photos/britishlibrary/tags/sysnum000077405,British Library HMNTS 11651.l.12.
77482,,London,1846,Richard Bentley,A Poet's Bazaar. From the Danish ... by Charles Beckwith [i.e. C. Beckwith Lohmeyer.]: Other Works,"Andersen, H. C. (Hans Christian)","BECKWITH-LOHMEYER, Charles.",monographic,http://www.flickr.com/photos/britishlibrary/tags/sysnum000077482,British Library HMNTS 1426.c.6.
77495,,London,1851,Richard Bentley,Pictures of Sweden. [Translated by Charles Beckwith Lohmeyer.]: Other Works,"Andersen, H. C. (Hans Christian)","BECKWITH-LOHMEYER, Charles.",monographic,http://www.flickr.com/photos/britishlibrary/tags/sysnum000077495,British Library HMNTS 10280.c.19.
77554,,London,1848,Richard Bentley,"Rambles in the romantic regions of the Hartz Mountains, Saxon Switzerland, &c. ... From the original Danish ... by Charles Beckwith. [i.e. C. Beckwith Lohmeyer]: Other Works","Andersen, H. C. (Hans Christian)","BECKWITH-LOHMEYER, Charles.",monographic,http://www.flickr.com/photos/britishlibrary/tags/sysnum000077554,British Library HMNTS 10250.c.16.
78142,,London,1891,Chapman & Hall,"A Romance of N'Shabé. Being a record of startling adventures in South Central Africa, etc","ANDERSON, Andrew A. - and WALL (Alfred H.)","WALL, Alfred Henry.",monographic,http://www.flickr.com/photos/britishlibrary/tags/sysnum000078142,British Library HMNTS 012632.h.54.
79249,,London,1876,Macmillan & Co.,"Mandalay to Momien: a narrative of the two Expeditions to Western China of 1868 and 1875, under Colonel E. B. Sladen and Colonel H. Browne ... With maps and illustrations","ANDERSON, John - Superintendent, Indian Museum","BROWNE, Horace Albert.|SLADEN, Edward Bosc.",monographic,http://www.flickr.com/photos/britishlibrary/tags/sysnum000079249,British Library HMNTS 010057.i.29.
80911,,London,1875,Hurst & Blackett,Notes of Travel in South Africa. Edited by G. Lloyd. [With a portrait.],"ANDERSSON, Carl Johan.","LLOYD, Llewellyn - Sportsman",monographic,http://www.flickr.com/photos/britishlibrary/tags/sysnum000080911,British Library HMNTS 10095.cc.24.
89469,,London,1825,John Miller,"Masaniello, the fisherman of Naples: an historical play, etc. [In verse. By George Soane.]",Masaniello,"SOANE, George.",monographic,http://www.flickr.com/photos/britishlibrary/tags/sysnum000089469,British Library HMNTS 11779.g.11.
90416,,London,,Blackwood & Sons,Annals of a Fishing Village. Drawn from the notes of “A Son of the Marshes” [i.e. Denham Jordan]. Edited by J. A. Owen. [With plates.],,"JORDAN, Denham.|OWEN, afterwards VISGER, Jean Allan.",monographic,http://www.flickr.com/photos/britishlibrary/tags/sysnum000090416,British Library HMNTS 012631.k.25.
90417,,London,1870,Hurst & Blackett,Annals of an Eventful Life. [By Sir George W. Dasent.],,"DASENT, George Webbe - Sir",monographic,http://www.flickr.com/photos/britishlibrary/tags/sysnum000090417,British Library HMNTS 12626.i.3.
90432,,London,1874,S. Tinsley,"Annals of the Twenty-ninth Century; or, the Autobiography of the Tenth President of the World Republic. [By Andrew Blair.]",,"BLAIR, Andrew - M.D., of Tayport",monographic,http://www.flickr.com/photos/britishlibrary/tags/sysnum000090432,British Library HMNTS 12631.n.1.
90671,,London,1899,D. Nutt,"Anna Ruina. [A drama in verse. By Michael Field, i.e. K. H. Bradley and E. E. Cooper.]",,"Field, Michael.",monographic,http://www.flickr.com/photos/britishlibrary/tags/sysnum000090671,British Library HMNTS 11781.gg.45.
91083,,London,1809,William Miller,"Voyages and Travels to India, Ceylon, the Red Sea, Abyssinia, and Egypt. 1802, 1803, 1804, 1805 and 1806. [With plates by Henry Salt.]","ANNESLEY, George - Earl of Mountnorris","SALT, Henry.",monographic,http://www.flickr.com/photos/britishlibrary/tags/sysnum000091083,British Library HMNTS 10058.l.13.|British Library HMNTS 215.d.1-3.|British Library HMNTS G.2276-8.|British Library HMNTS 455.f.12-14.|British Library OC W 3011
91204,,London,1877,Hurst & Blackett,"Annette. [A novel.] By the author of “St. Olave's,” etc. [i.e. Eliza Tabor, afterwards Stephenson.]",,"TABOR, afterwards STEPHENSON, Eliza.",monographic,http://www.flickr.com/photos/britishlibrary/tags/sysnum000091204,British Library HMNTS 12625.h.11.
92702,,London,1760,,"Verses on the Death of Lady Anson, addressed to her father. [By David Mallet.]","ANSON, Elizabeth - Baroness Anson","MALLET, David.",monographic,http://www.flickr.com/photos/britishlibrary/tags/sysnum000092702,British Library HMNTS 643.k.7.(15.)
93013,,London,1862,W. H. Allen & Co.,The Channel Islands ... With illustrations drawn by P. J. Naftel [and with maps],"ANSTED, David Thomas - and LATHAM (Robert Gordon)","NAFTEL, Paul Jacob.",monographic,http://www.flickr.com/photos/britishlibrary/tags/sysnum000093013,British Library HMNTS 010360.f.22.
93014,Second edition.,London,1865,W. H. Allen & Co.,[The Channel Islands ... With illustrations drawn by P. J. Naftel [and with maps].],"ANSTED, David Thomas - and LATHAM (Robert Gordon)","LATHAM, Robert Gordon.|NAFTEL, Paul Jacob.",monographic,http://www.flickr.com/photos/britishlibrary/tags/sysnum000093014,British Library HMNTS 010358.g.30.
93061,,London,1830,"Hurst, Chance & Co.","The new Bath Guide ... With a biographical and topographical preface, and anecdotical annotations by John Britton ... Embellished with engravings [by George Cruikshank and S. Williams]","ANSTEY, Christopher.","Britton, John|WILLIAMS, Samuel - Wood Engraver",monographic,http://www.flickr.com/photos/britishlibrary/tags/sysnum000093061,British Library HMNTS 994.i.3.|British Library HMNTS 10362.df.43.
93082,,London,1897,J. M. Dent & Co.,"Baboo Jabberjee, B.A. ... With illustrations by J. Bernard Partridge","Anstey, F.","PARTRIDGE, J. Bernard - Sir",monographic,http://www.flickr.com/photos/britishlibrary/tags/sysnum000093082,British Library HMNTS 012626.l.60.|British Library OC T 41349
93124,Another edition. Illustrated by Bernard Partridge.,London,,Harper & Bros.,[The Tinted Venus: a farcical romance.],"Anstey, F.","PARTRIDGE, J. Bernard - Sir",monographic,http://www.flickr.com/photos/britishlibrary/tags/sysnum000093124,British Library HMNTS 012625.ee.17.
93565,,London,1810,J. Richardson; L. N. Pannier,"South American Emancipation. Documents shewing the designs which have been in progress and the exertions made by General Miranda for the South American Emancipation, during the last twenty-five years. [With a portrait of Miranda, and a plan.]","ANTEPARA, José María.","Miranda, Francisco de|MIRANDA, Francisco de - Jesuit",monographic,http://www.flickr.com/photos/britishlibrary/tags/sysnum000093565,British Library HMNTS 1446.h.4.|British Library HMNTS 279.k.7.
94484,,London,1887,Macmillan & Co.,The New Antigone. A romance. [By William Barry.],,"BARRY, William Francis.",monographic,http://www.flickr.com/photos/britishlibrary/tags/sysnum000094484,British Library HMNTS 012639.m.19.
94545,,London,1844,Saunders & Otley,"Antigua and the Antiguans: a full account of the colony and its inhabitants from the time of the Caribs to the present day ... Also, an impartial view of slavery and the free labour systems, etc. [By Mrs. Flannigan.]: Appendix",,FLANNIGAN - Mrs,monographic,http://www.flickr.com/photos/britishlibrary/tags/sysnum000094545,British Library HMNTS 1304.h.1.
94892,,London,1827,"Smith, Elder & Co.",Chronicles of London Bridge: by an Antiquary [i.e. Richard Thomson]. [With illustrations.],,"THOMSON, Richard - Librarian of the London Institution",monographic,http://www.flickr.com/photos/britishlibrary/tags/sysnum000094892,British Library HMNTS 796.g.28.
94906,,London,1813,W. Pople,The Modern Antique: or the Muse in the costume of Queen Anne. [By Isaac Gompertz.],,"GOMPERTZ, Isaac.",monographic,http://www.flickr.com/photos/britishlibrary/tags/sysnum000094906,British Library HMNTS 11642.f.40.(2.)
98625,,London,1787,S. Bladon,"Apollo turn'd Stroller; or, Thereby hangs a Tale. A musical pasticcio in two parts, etc. [By Sir John Oldmixon.]",,"OLDMIXON, John - Sir",monographic,http://www.flickr.com/photos/britishlibrary/tags/sysnum000098625,British Library HMNTS 643.e.16.(4.)|British Library HMNTS 11779.c.88.(13.)|British Library HMNTS 161.d.49.
99576,,London,1794,J. Barker,"Songs, Choruses, &c. in The Apparition! A musical dramatic romance, in two acts [by J. C. Cross], etc",,"CROSS, John C. - Dramatist",monographic,http://www.flickr.com/photos/britishlibrary/tags/sysnum000099576,British Library HMNTS 643.f.2.(4.)
99578,,London,1710,The Booksellers,The Appartion [sic]. A poem. [By Abel Evans. A satire on Matthew Tindal's “The Rights of the Christian Church asserted.”],,"EVANS, Abel.",monographic,http://www.flickr.com/photos/britishlibrary/tags/sysnum000099578,British Library HMNTS 11642.bb.58.
99583,,London,1846,Edward Lloyd,"The Apparition, a romance",,"RYMER, James Malcolm.",monographic,http://www.flickr.com/photos/britishlibrary/tags/sysnum000099583,British Library HMNTS 12621.g.10.|British Library HMNTS C.140.e.30.(3.)
99710,,London,1785,G. G. J. & J. Robinson,"Appearance is against them; a farce in two acts, etc. [By Elizabeth Inchbald.]",,Inchbald - Mrs,monographic,http://www.flickr.com/photos/britishlibrary/tags/sysnum000099710,British Library HMNTS 643.e.14.(4.)|British Library HMNTS 161.d.50.
100850,,London,1868,Newsagents’ Publishing Co.,"The Young Apprentice; or, the Watch-words of old London. [By V. I. Saint John.] With ... engravings, etc",,"SAINT JOHN, Vane Ireton.",monographic,http://www.flickr.com/photos/britishlibrary/tags/sysnum000100850,British Library HMNTS 12620.h.28.
101009,,London,1777,G. Kearsly,"April-Day, a burletta, in three acts. [In verse.] Written by the author of Midas [i.e. Kane O'Hara]",,"O'HARA, Kane.",monographic,http://www.flickr.com/photos/britishlibrary/tags/sysnum000101009,British Library HMNTS 643.e.6.(11.)|British Library HMNTS 161.d.51.
101363,Third edition.,London,1801,J. Wright,[Cupid & Psyche. A mythological tale from the Golden Ass of Apuleius. [In verse. By Hudson Gurney.]]: Asinus Aureus. Selections. English,Apuleius.,"GURNEY, Hudson.",monographic,http://www.flickr.com/photos/britishlibrary/tags/sysnum000101363,British Library HMNTS 11643.n.2.
103149,,London,1893,"Eden, Remington & Co.","The Land of Ararat; or, Up the Roof of the World. By a special correspondent [i.e. Alexander Macdonald]",,"MACDONALD, Alexander - War Correspondent",monographic,http://www.flickr.com/photos/britishlibrary/tags/sysnum000103149,British Library HMNTS 10077.bbb.21.
103877,,London,,E. Arber; A. Constable & Co.,An English Garner. Ingatherings from our history and literature,"ARBER, Edward.","POLLARD, Alfred William - C.B., Keeper of Printed Books, British Museum",monographic,http://www.flickr.com/photos/britishlibrary/tags/sysnum000103877,British Library HMNTS 12269.cc.12.|British Library HMNTS 12268.e.1.
106294,,London,1851,Francis & John Rivington,"Papers and Despatches relating to the Arctic Searching Expeditions of 1850-51. Together with a few remarks as to the probable course pursued by Sir John Franklin, etc. [Compiled by James Mangles. With maps.]",,"MANGLES, James.",monographic,http://www.flickr.com/photos/britishlibrary/tags/sysnum000106294,British Library HMNTS 10460.e.12.
106624,,London,1887,J. W. Jarvis & Son,"Arden of Feversham, a tragedy: reprinted from the edition of 1592. With an introduction by A. H. Bullen","ARDEN, Thomas - of Faversham","BULLEN, Arthur Henry.",monographic,http://www.flickr.com/photos/britishlibrary/tags/sysnum000106624,British Library HMNTS 11770.g.8.
107921,,London,1824,John Booth,"The Count Arezzi, a tragedy, in five acts. [By Robert Eyres Landor. In verse.]",,"LANDOR, Robert Eyres.",monographic,http://www.flickr.com/photos/britishlibrary/tags/sysnum000107921,British Library HMNTS 11779.f.8.
109429,,London,1823,The Author,The Queen of Argos; a tragedy: in five acts. [In verse. By William B. Bell.],,"BELL, William Boscawen.",monographic,http://www.flickr.com/photos/britishlibrary/tags/sysnum000109429,British Library HMNTS 643.f.24.(4.)
111406,,London,1651,,"Πλουτοφθαλμια πλουτογαμια. A pleasant comedie, entituled Hey for Honesty, Down with Knavery. Translated out of Aristophanes his Plutus, by Tho: Randolph. Augmented and published by F. J. [i.e. F. Jaques or Jacques?]: Single Works. Plutus. English",,"J., F.|JAQUES, F.",monographic,http://www.flickr.com/photos/britishlibrary/tags/sysnum000111406,British Library HMNTS 643.d.83.|British Library HMNTS 163.h.24.
111669,,London,1809,The Translator,"The History of Animals of Aristotle, and his Treatise on Physiognomy, translated from the Greek. By Thomas Taylor: Two or more Works. English",Aristotle.,"TAYLOR, Thomas - the Platonist",monographic,http://www.flickr.com/photos/britishlibrary/tags/sysnum000111669,British Library HMNTS 520.l.5.
115066,,London,1890,Methuen & Co.,"Arminell. A social romance. By the author of “Mehalah,” etc. [i.e. S. Baring Gould]",,"Baring-Gould, S. (Sabine)",monographic,http://www.flickr.com/photos/britishlibrary/tags/sysnum000115066,British Library HMNTS 012639.l.10.
116525,,London,1853,Richard Bentley,Nelly Armstrong: a story of the day. By the author of “Rose Douglas” [i.e. S. R. Whitehead],"ARMSTRONG, Nelly.","WHITEHEAD, Sarah R.",monographic,http://www.flickr.com/photos/britishlibrary/tags/sysnum000116525,British Library HMNTS 12627.b.9.
117760,,London,1817,Samuel Leigh,Germanicus ... Translated ... into blank verse by George Bernel ... To which is prefixed an historical account of Germanicus,"ARNAULT, Antoine Vincent.","BERNEL, George.",monographic,http://www.flickr.com/photos/britishlibrary/tags/sysnum000117760,British Library HMNTS 643.f.19.(3.)
119124,,London,1896,Longmans & Co.,East and West. Being papers reprinted from the “Daily Telegraph” and other sources ... With ... illustrations by R. T. Pritchett,"Arnold, Edwin - Sir","PRITCHETT, Robert Taylor - K.C.I.E",monographic,http://www.flickr.com/photos/britishlibrary/tags/sysnum000119124,British Library HMNTS 010057.g.3.
119421,,London,,Provost & Co.,Village Lyrics. By Henrietta and Charlotte Arnold,"ARNOLD, Henrietta.","ARNOLD, Charlotte.",monographic,http://www.flickr.com/photos/britishlibrary/tags/sysnum000119421,British Library HMNTS 11652.bbb.20.
119498,,London,1852,R. Lloyd,"Jessie Arnold; or, the Murder at the Old Well. A romance. By the author of “The Black Mantle,” [i.e. J. M. Rymer] etc","ARNOLD, Jessie.","RYMER, James Malcolm.",monographic,http://www.flickr.com/photos/britishlibrary/tags/sysnum000119498,British Library HMNTS 12624.f.10.|British Library HMNTS C.140.b.33.
119514,,London,1862,Hurst & Blackett,"John Arnold. [A novel.] By the author of “Mathew Paxton,” etc. [i.e. William Wilson, Minister at Etal.]","ARNOLD, John.","WILSON, William - Minister at Etal",monographic,http://www.flickr.com/photos/britishlibrary/tags/sysnum000119514,British Library HMNTS 12635.cc.1.
119572,,London,1882,Tinsley Bros.,Palms and Temples. Being notes of a four months' voyage upon the Nile ... With a preface by Edwin Arnold,"ARNOLD, Julian Tregenna Biddulph.","Arnold, Edwin - Sir",monographic,http://www.flickr.com/photos/britishlibrary/tags/sysnum000119572,British Library HMNTS 10095.f.1.
119589,,London,1850,Henry Colburn,"Lettice Arnold. A tale. By the author of “Emilia Wyndham,” etc. [i.e. Anne Marsh.]","ARNOLD, Lettice.","MARSH, afterwards MARSH-CALDWELL, Anne.",monographic,http://www.flickr.com/photos/britishlibrary/tags/sysnum000119589,British Library HMNTS 12624.a.7.
119831,,London,1883,"Smith, Elder & Co.",The Matthew Arnold Birthday-Book. [Extracts from Arnold's poems.] Arranged by his daughter Eleanor Arnold. With a portrait: Selections,"Arnold, Matthew","ARNOLD, Eleanor - afterwards WODEHOUSE (Eleanor) Hon. Mrs. Armine Wodehouse, afterwards MANSFIELD (Eleanor) Baroness Sandhurst",monographic,http://www.flickr.com/photos/britishlibrary/tags/sysnum000119831,British Library HMNTS 11612.f.5.
120150,,London,1845,"B. Fellowes, etc.","History of the later Roman Commonwealth, from the end of the Second Punic War to the death of Julius Cæsar; and of the reign of Augustus: with a life of Trajan ... Republished from “The Encyclopædia Metropolitana.” [With a preface by Bonamy Price.]","ARNOLD, Thomas - D.D., Headmaster of Rugby School","PRICE, Bonamy.",monographic,http://www.flickr.com/photos/britishlibrary/tags/sysnum000120150,British Library HMNTS 1307.g.10.|British Library HMNTS 1307.g.11.
122224,Another edition. Now corrected and enlarged.,London,1812,J. Davis,"[Arrian's History of Alexander's Expedition. Translated from the Greek. With notes, historical, geographical, and critical by Mr. Rooke ... To which is prefix'd, Mr. Le Clerc's Criticism upon Quintus Curtius. And some remarks upon Mr. Perizonius's Vindication of that author. (Arrian's Indian History.)]: Single Works. Anabasis. English","ARRIANUS, Flavius.","ROOKE, John - Translator",monographic,http://www.flickr.com/photos/britishlibrary/tags/sysnum000122224,British Library HMNTS 1309.e.3.(2.)
122225,,London,1813,J. Davis,Arrian's History of the Expedition of Alexander the Great ... Translated ... by Mr. Rooke and now corrected and enlarged ... The second edition: Single Works. Anabasis. English,"ARRIANUS, Flavius.","ROOKE, John - Translator",monographic,http://www.flickr.com/photos/britishlibrary/tags/sysnum000122225,British Library HMNTS 9027.c.17.
122226,,London,1884,Hodder & Stoughton,"The Anabasis of Alexander ... Literally translated, with a commentary ... by E. J. Chinnock: Single Works. Anabasis. English","ARRIANUS, Flavius.","CHINNOCK, Edward James.",monographic,http://www.flickr.com/photos/britishlibrary/tags/sysnum000122226,British Library HMNTS 9026.ff.18.
122610,,London,1868,C. Whiting,Seven-Stones Light-Ship. Correspondence between Captain F. Arrow ... and Mr. Augustus Smith,"ARROW, Frederick - Sir","SMITH, Augustus John.",monographic,http://www.flickr.com/photos/britishlibrary/tags/sysnum000122610,British Library HMNTS 10497.e.51.(1.)
122645,"A new and improved edition, by the Rev. C. G. Nicolay.",London,1856,E. P. Williams,[A Compendium of Ancient and Modern Geography ... New and improved edition.],"ARROWSMITH, Aron - the Younger","NICOLAY, Charles Grenfell.",monographic,http://www.flickr.com/photos/britishlibrary/tags/sysnum000122645,British Library HMNTS 10005.d.4.
123451,,London,1744,A. Millar,The Art of Preserving Health: a poem. [By John Armstrong.],,"ARMSTRONG, John - Physician and Poet",monographic,http://www.flickr.com/photos/britishlibrary/tags/sysnum000123451,British Library HMNTS 11630.c.5.(9.)|British Library HMNTS 11642.h.43.(4.)|British Library HMNTS 840.l.2.(1.)|British Library HMNTS 1485.ff.8.
123464,,London,1728,J. Roberts,"A Supplement to the Profund. Containing several examples, very proper to illustrate the rules laid down in a late treatise, called The Art of Sinking in Poetry [i.e. “Περι Βαθους: or, Martin Scriblerus his Treatise of the Art of Sinking in Poetry,” written by Pope, and published in the “last volume” of the “Miscellanies in Prose and Verse” edited jointly by Swift and Pope]. Extracted from the poetical works of the ingenious authors of that accurate piece ... In two letters to a friend. [By Matthew Concanen, the elder.]",,"CONCANEN, Matthew - the Elder",monographic,http://www.flickr.com/photos/britishlibrary/tags/sysnum000123464,British Library HMNTS 1077.h.60.(1.)|British Library HMNTS C.116.b.2.(4.)
124015,,London,1876,Chapman & Hall,"Arthur; or, a Knight of our own Day. By the author of “Alice Godolphin” [i.e. Mary Neville]",,"NEVILLE, Mary.",monographic,http://www.flickr.com/photos/britishlibrary/tags/sysnum000124015,British Library HMNTS 12637.aaa.18.
124018,,London,1818,Payne & Foss,"Arthur; or, the Pastor of the Village; a poem. [By John Leonard Knapp.]",,"KNAPP, John Leonard.",monographic,http://www.flickr.com/photos/britishlibrary/tags/sysnum000124018,British Library HMNTS 992.i.17.(7.)
124034,,London,1886,Macmillan & Co.,"King Arthur. Not a Love Story. By the author of “John Halifax, Gentleman” [i.e. D. M. Mulock, afterwards Craik]",,"Craik, Dinah Maria Mulock",monographic,http://www.flickr.com/photos/britishlibrary/tags/sysnum000124034,British Library HMNTS 12623.ee.24.
124229,,London,1885,Funk & Wagnalls,The New King Arthur. An opera without music. By the author of “The Buntling Ball” [i.e. Edgar Fawcett]: Appendix,,"FAWCETT, Edgar.",monographic,http://www.flickr.com/photos/britishlibrary/tags/sysnum000124229,British Library HMNTS 11781.e.52.
124578,Memorial edition ... revised by J. W. Kirkton.,London,,"Ward, Lock & Co.","[Ten Nights in a Bar-Room, and what I saw there.]","ARTHUR, Timothy Shay.","KIRTON, John William.",monographic,http://www.flickr.com/photos/britishlibrary/tags/sysnum000124578,British Library HMNTS 12637.a.2.|British Library HMNTS 12625.g.37.
124931,,London,1864,Hurst & Blackett,"A Young Artist's Life. [By Alexander D. R. W. C. B. Cochrane, Baron Lamington.]",,"COCHRANE, Alexander Dundas Ross - afterwards COCHRANE-WISHART-BAILLIE (Alexander Dundas Ross) Baron Lamington",monographic,http://www.flickr.com/photos/britishlibrary/tags/sysnum000124931,British Library HMNTS 12631.bb.13.
126091,,London,1856,W. H. Collingridge,"Asaph; or, Faith's conflict with infidelity. [A poem. By Elizabeth Warren.]",,"WARREN, Elizabeth - Miss",monographic,http://www.flickr.com/photos/britishlibrary/tags/sysnum000126091,British Library HMNTS 11645.h.14.
126092,,London,1822,"Ogle, Duncan & Co.","Asaph; or the Herrnhuttens; being a rhythmical sketch of the principal events, and most remarkable institutions in the modern history of the Church of the Unitas Fratrum, commonly called Moravians ... By one of its members [i.e. M. A. Schimmelpenninck]",,"SCHIMMELPENNINCK, Mary Anne - Mrs",monographic,http://www.flickr.com/photos/britishlibrary/tags/sysnum000126092,British Library HMNTS 994.l.38.
127459,,London,1830,Payne & Foss; Baldwin & Cradock,"A Narrative by John Ashburnham of his attendance on King Charles the First from Oxford to the Scotch Army, and from Hampton-Court to the Isle of Wight: never before printed. To which is prefixed a vindication of his character and conduct, from the misrepresentations of Lord Clarendon, by his lineal descendant and present representative [i.e. George, Earl of Ashburnham]. [Edited by George, Earl of Ashburnham.]","ASHBURNHAM, John - Groom of the Bedchamber to Charles I","ASHBURNHAM, George - Earl of Ashburnham",monographic,http://www.flickr.com/photos/britishlibrary/tags/sysnum000127459,British Library HMNTS 601.b.3.|British Library HMNTS G.5179.
127777,,London,1893,Elliot Stock,"St. Albans, historical & picturesque. With an account of the Roman city of Verulamium ... Illustrated by Frederic G. Kitton","ASHDOWN, Charles Henry.","KITTON, Frederic George.",monographic,http://www.flickr.com/photos/britishlibrary/tags/sysnum000127777,British Library HMNTS 10368.s.1.
128110,,London,,Hurst & Blackett,"Mr. and Mrs. Asheton. By the author of “Margaret and her Bridesmaids,” etc. [i.e. Julia Cecilia Stretton.]",,"DE WINTON, afterwards STRETTON, Julia Cecilia.",monographic,http://www.flickr.com/photos/britishlibrary/tags/sysnum000128110,British Library HMNTS 12634.e.2.
128995,,London,,C. Letts & Co.,"Charles Letts's Date Book and Chronological Diary, or record of important events in English history, etc","ASHTON, John - Antiquary","LETTS, Charles J.",monographic,http://www.flickr.com/photos/britishlibrary/tags/sysnum000128995,British Library HMNTS 09504.g.3.|British Library HMNTS 09504.g.5.
130629,,London,1881,J. & R. Maxwell,"Asphodel. A novel. By the author of “Lady Audley's Secret” [i.e. M. E. Braddon], etc",,"Braddon, M. E. (Mary Elizabeth)",monographic,http://www.flickr.com/photos/britishlibrary/tags/sysnum000130629,British Library HMNTS 12640.bbb.9.
130655,,London,1805,Didier & Tebbet,"The Geo-chronolgy of Europe; or, an Epitome of the geography and chronology, with the ... history of the several kingdoms ... comprised in that quarter of the world, adapted to the capacities of children ... Illustrated by a ... map ... on which is described the chronological succession of the sovereigns of the various countries ... by M. Wauthier","Aspin, Jehoshaphat","WAUTHIER, J. M.",monographic,http://www.flickr.com/photos/britishlibrary/tags/sysnum000130655,British Library HMNTS 10004.d.7.
130656,"Second edition, with ... additions, etc.",London,1806,Didier & Tebbett,"[The Geo-chronolgy of Europe; or, an Epitome of the geography and chronology, with the ... history of the several kingdoms ... comprised in that quarter of the world, adapted to the capacities of children ... Illustrated by a ... map ... on which is described the chronological succession of the sovereigns of the various countries ... by M. Wauthier.]","Aspin, Jehoshaphat","WAUTHIER, J. M.",monographic,http://www.flickr.com/photos/britishlibrary/tags/sysnum000130656,British Library HMNTS 1426.d.18.
131442,,London,1831,Edward Bull,"The Assassins of the Paradise, an Oriental tale, in four cantos. By the author of Abbassah [i.e. B. E. Pote]",,"POTE, B. E.",monographic,http://www.flickr.com/photos/britishlibrary/tags/sysnum000131442,British Library HMNTS 993.h.2.|British Library HMNTS 11642.ee.13.
132894,,London,1872,,"Aston-Royal. By the author of “St. Olave's,” etc. [i.e. Eliza Tabor, afterwards Stephenson]",,"TABOR, afterwards STEPHENSON, Eliza.",monographic,http://www.flickr.com/photos/britishlibrary/tags/sysnum000132894,British Library HMNTS 12629.k.5.
133253,,London,1744,M. Cooper,The astrologer; a comedy. [By James Ralph.],,"RALPH, James - Miscellaneous Writer",monographic,http://www.flickr.com/photos/britishlibrary/tags/sysnum000133253,British Library HMNTS 642.h.28.(3.)|British Library HMNTS 161.c.4.
133409,,London,1898,C. A. Pearson,With Peary near the Pole ... Translated ... by H. J. Bull. [With maps.],"ASTRUP, Eivind.","BULL, Henrik Johan.",monographic,http://www.flickr.com/photos/britishlibrary/tags/sysnum000133409,British Library HMNTS 10460.d.25.
133917,,London,1876,Longmans & Co.,"The Atelier du Lys; or, an Art Student in the Reign of Terror. By the author of “Mademoiselle Mori” [i.e. Margaret Roberts]",,"Roberts, Margaret",monographic,http://www.flickr.com/photos/britishlibrary/tags/sysnum000133917,British Library HMNTS 12628.d.1.
133918,Another edition.,London,,Longmans & Co.,"[The Atelier du Lys; or, an Art Student in the Reign of Terror. By the author of “Mademoiselle Mori” [i.e. Margaret Roberts].]",,"Roberts, Margaret",monographic,http://www.flickr.com/photos/britishlibrary/tags/sysnum000133918,British Library HMNTS 12638.m.19.
133978,,London,1836,John Hearne,"A Brief Account of the Researches and Discoveries in Upper Egypt, made under the direction of Henry Salt, Esq. ... To which is added, a detailed catalogue of Mr. Salt's collection of Egyptian antiquities, illustrated with twelve engravings ... and an enumeration of those articles purchased for the British Museum","ATHANASI, Giovanni d'.","SALT, Henry.",monographic,http://www.flickr.com/photos/britishlibrary/tags/sysnum000133978,British Library HMNTS 790.f.26.
134300,,London,1756,L. Davis & C. Reymers,"Athelstan. A tragedy. [In verse. By John Brown, D.D., Vicar of Newcastle-upon-Tyne. The epilogue by David Garrick.]",,"BROWN, John - Vicar of Newcastle-upon-Tyne|GARRICK, David.",monographic,http://www.flickr.com/photos/britishlibrary/tags/sysnum000134300,British Library HMNTS 643.g.6.(10.)|British Library HMNTS 95.i.21.(3.)
134835,,London,1812,"White, Cochrane & Co.; William Miller","A Letter from Athens, addressed to a friend in England. [In verse. By C. Kelsale. With plates.]: Appendix",,"KELSALL, Charles.",monographic,http://www.flickr.com/photos/britishlibrary/tags/sysnum000134835,British Library HMNTS 11641.i.1.
134862,,London,1888,Elliot Stock,The Dramatic Works of E. Atherstone ... Edited by ... Mary E. Atherstone,"ATHERSTONE, Edwin.","ATHERSTONE, Mary Elizabeth.",monographic,http://www.flickr.com/photos/britishlibrary/tags/sysnum000134862,British Library HMNTS 11781.f.56.
134968,,London,1861,"Saunders, Otley & Co.","Adrift: or, the Rock in the South Atlantic. A faithful narrative, written from the diary of Harper Atherton, surgeon. Edited by Frank Fowler [or rather, written by him]","ATHERTON, Harper.","FOWLER, Frank.",monographic,http://www.flickr.com/photos/britishlibrary/tags/sysnum000134968,British Library HMNTS 12632.dd.3.
139282,,London,1843,Alfred Greenland,"Professional Excursions, by an Auctioneer [i.e. Wolley Simpson, sometimes identified as G. Robins]. Part 1. Essex, Suffolk, Hertfordshire, Surrey, Sussex and Kent",,"SIMPSON, Wolley.",monographic,http://www.flickr.com/photos/britishlibrary/tags/sysnum000139282,British Library HMNTS 1430.d.17.
141476,,London,1835,Richard Bentley,"The Career of Don Carlos, since the death of Ferdinand the Seventh: being a chapter in the history of Charles the Fifth","AUGET DE SAINT-SYLVAIN, Louis Xavier - Baron de Los Valles","MERLE, Jean Toussaint.",monographic,http://www.flickr.com/photos/britishlibrary/tags/sysnum000141476,British Library HMNTS 1060.g.20.
142998,,London,1878,Sampson Low & Co.,Auld Lang Syne. By the author of “The Wreck of the 'Grosvenor”' [i.e. William Clark Russell],,"RUSSELL, William Clark.",monographic,http://www.flickr.com/photos/britishlibrary/tags/sysnum000142998,British Library HMNTS 12641.ee.5.
144509,Another edition. Illustrated by Hugh Thomson. With an introduction by Austin Dobson.,London,1896,Macmillan & Co.,[Emma. New edition.]: Single Works,"Austen, Jane","DOBSON, Henry Austin.|THOMSON, Hugh.",monographic,http://www.flickr.com/photos/britishlibrary/tags/sysnum000144509,British Library HMNTS 012621.h.27.
144558,Another edition. Illustrated by Hugh Thomson. With an introduction by Austin Dobson.,London,1897,Macmillan & Co.,[Mansfield Park: a novel.]: Single Works,"Austen, Jane","DOBSON, Henry Austin.|THOMSON, Hugh.",monographic,http://www.flickr.com/photos/britishlibrary/tags/sysnum000144558,British Library HMNTS 012621.h.38.
144597,,London,1897,Macmillan & Co.,Northanger Abbey and Persuasion ... With illustrations by Hugh Thomson and an introduction by Austin Dobson: Single Works,"Austen, Jane","Dobson, Austin|THOMSON, Hugh.",monographic,http://www.flickr.com/photos/britishlibrary/tags/sysnum000144597,British Library HMNTS 012624.ee.28.
147715,,London,1842,"Smith, Elder & Co.","Western Australia, containing a statement of the condition and prospects of that colony, and some account of the Western Australian Company's Settlement of Australind. With a map, etc. [By Alfred Gill.]: Appendix",,"GILL, Alfred.",monographic,http://www.flickr.com/photos/britishlibrary/tags/sysnum000147715,British Library HMNTS 1304.k.16.
147808,,London,1823,"Smith, Elder & Co.","Hints from the Journal of an Australian Squatter, late in the service of the Hon. East India Company. Compiled for the use of emigrants; and edited, with an introduction and appendix, by Alfred Caswall",,"Caswall, Alfred.",monographic,http://www.flickr.com/photos/britishlibrary/tags/sysnum000147808,British Library HMNTS 1431.d.16.
150264,,London,1827,John Murray,"Two Years in Ava, from May 1824 to May 1826. By an Officer on the Staff of the Quarter-Master General's Department [i.e. Thomas Abercromby Trant. With maps]",,"TRANT, Thomas Abercromby.",monographic,http://www.flickr.com/photos/britishlibrary/tags/sysnum000150264,British Library HMNTS 1046.c.9.|British Library OC T 10475|British Library OC V 1788
152291,,London,1853,"Smith, Elder & Co.","Avillion, and other tales. By the author of “Olive,” etc. [i.e. Dinah M. Mulock, afterwards Craik]",,"Craik, Dinah Maria Mulock",monographic,http://www.flickr.com/photos/britishlibrary/tags/sysnum000152291,British Library HMNTS 12627.e.11.
152579,,London,1792,J. Johnson; R. Faulder,L'Avocat du diable: the Devil's Advocate; or Satan versus Pictor. Tried before the Court of uncommon pleas. [In verse. By Alexander Geddes.],,"GEDDES, Alexander.",monographic,http://www.flickr.com/photos/britishlibrary/tags/sysnum000152579,British Library HMNTS 11641.h.11.(5.)
156291,,London,1868,Whittaker & Co.,Edwy and Elgiva: a romance of the olden time. By B........ and A,,"EDWY, King of England",monographic,http://www.flickr.com/photos/britishlibrary/tags/sysnum000156291,British Library HMNTS 12621.h.2.
156352,,London,,,"The County Magistrate. A novel. By Lord B****** [i.e. F. R. Chichester, Earl of Belfast]",,"CHICHESTER, Frederick Richard - Earl of Belfast",monographic,http://www.flickr.com/photos/britishlibrary/tags/sysnum000156352,British Library HMNTS 12629.c.1.
156353,,London,1852,T. C. Newby,"The Farce of Life. A novel. By Lord B******* [i.e. F. R. Chichester, Ear of Belfast]",,"CHICHESTER, Frederick Richard - Earl of Belfast",monographic,http://www.flickr.com/photos/britishlibrary/tags/sysnum000156353,British Library HMNTS 12625.d.1.
156354,,London,1859,T. C. Newby,"The Fate of Folly ... By Lord B******* [i.e. F. R. Chichester, Earl of Belfast]",,"CHICHESTER, Frederick Richard - Earl of Belfast",monographic,http://www.flickr.com/photos/britishlibrary/tags/sysnum000156354,British Library HMNTS 12635.b.2.
156356,,London,1853,T. C. Newby,"Wealth and Labour. A novel. By Lord B******* [i.e. F. R. Chichester, Earl of Belfast]",,"CHICHESTER, Frederick Richard - Earl of Belfast",monographic,http://www.flickr.com/photos/britishlibrary/tags/sysnum000156356,British Library HMNTS 12627.b.1.
156358,,London,1851,T. C. Newby,"Masters and Workmen. A tale illustrative of the social and moral condition of the people. By Lord B- [i.e. F. R. Chichester, Earl of Belfast]",,"CHICHESTER, Frederick Richard - Earl of Belfast",monographic,http://www.flickr.com/photos/britishlibrary/tags/sysnum000156358,British Library HMNTS 12624.a.1.
156460,,London,1762,For William Owen,"Resignation. In two parts, and a postscript. To Mrs. B. [Frances Boscawen. By Edward Young, the Poet.]",,"BOSCAWEN, Frances Evelyn.",monographic,http://www.flickr.com/photos/britishlibrary/tags/sysnum000156460,British Library HMNTS 644.k.19.(2.)|British Library HMNTS 840.k.8.(2.)
156798,,London,,,Reflections. [Verses.] By A. M. B. [i.e. A. M. Bulkley.],"B., A. M.","BULKLEY, A. M.",monographic,http://www.flickr.com/photos/britishlibrary/tags/sysnum000156798,British Library HMNTS 011645.e.17.
157238,,London,1856,Hurst & Blackett,"Lays of Memory, sacred and social. By a Mother and Son. [Pt. 1. by the mother, E. B., i.e. E. Benson; pt. 2. by the son, R. M. B., i.e. Richard Meux Benson.]","B., E.","BENSON, Eliza.|BENSON, Richard Meux.",monographic,http://www.flickr.com/photos/britishlibrary/tags/sysnum000157238,British Library HMNTS 11647.e.7.
157348,,London,,C. F. Hodgson,Songs of Eternal Life. Translated by E. F. B. [i.e. Emma Frances Bevan.],"B., E. F.","BEVAN, Emma Frances.",monographic,http://www.flickr.com/photos/britishlibrary/tags/sysnum000157348,British Library HMNTS 11648.f.19.
157349,,London,1858,"Seeley, Jackson, & Halliday",Songs of Eternal Life. Translated from the German (by E. F. B.) With illustrations,"B., E. F.","BEVAN, Emma Frances.",monographic,http://www.flickr.com/photos/britishlibrary/tags/sysnum000157349,British Library HMNTS 11648.g.1.
157371,,London,1836,Saunders & Otley,"The Duchess de la Vallière. A play in five acts. By the author of “Eugene Aram,” etc. [The preface signed: E. L. B., i.e. Edward G. E. L. Bulwer, afterwards Bulwer-Lytton.]","B., E. L.","LA BAUME LE BLANC, Louise Françoise de - Duchess de la Vallière",monographic,http://www.flickr.com/photos/britishlibrary/tags/sysnum000157371,British Library HMNTS 11781.g.54.
157374,,London,,,"John's [i.e. John Hunt's] Birth-day, Saturday, August 28th, 1875, being a birth-day ode in commemoration of one who has been twenty-five years head-waiter at the Edinburgh Castle Tavern, Strand. By an old frequenter of that establishment. [Signed: E. L. B., i.e. Edward Leman Blanchard. Reprinted from the “Figaro.”]","B., E. L.","BLANCHARD, Edward Litt Leman.",monographic,http://www.flickr.com/photos/britishlibrary/tags/sysnum000157374,British Library HMNTS 11602.f.2.(23.)
157754,,London,,3. Privately printed,"An Offering to the Muses, worthy of being “a burnt offering.” By G. H. B. [i.e. G. H. Budd.]","B., G. H.","BUDD, G. H.",monographic,http://www.flickr.com/photos/britishlibrary/tags/sysnum000157754,British Library HMNTS 11642.c.19.
157921,,London,,"Simpkin, Marshall & Co.","Duty's Call. A story of a girl's work in the service of others, and her reward. With some brief sketches of undergraduate life. By H. N. B. [i.e. Harold Nelson Burden.]","B., H. N.","BURDEN, Harold Nelson.",monographic,http://www.flickr.com/photos/britishlibrary/tags/sysnum000157921,British Library HMNTS 012624.ee.12.
158052,,London,1871,J. D. Potter,"The Cruise round the World of the Flying Squadron 1869-1870, under the command of Rear Admiral G. T. Phipps-Hornby. (Compiled by J. B., with the assistance of Henry Cavendish.) [With plates and a map.]","B., J.|B., J.","CAVENDISH, Henry Frederick Compton.|HORNBY, Geoffrey Thomas Phipps - Sir, G.C.B|BARRATT, Joseph - M.D|Tenesles, Nicola.",monographic,http://www.flickr.com/photos/britishlibrary/tags/sysnum000158052,British Library HMNTS 10028.e.10.
158403,,London,1879,"Longmans, Green & Co.",Brian Boru. A tragedy. By J. T. B. [i.e. Joshua T. Bottle. In verse.],"B., J. T.","BOTTLE, Joshua T.",monographic,http://www.flickr.com/photos/britishlibrary/tags/sysnum000158403,British Library HMNTS 11781.ee.26.
158408,,London,1852,Edward West,"Miscellaneous Poems, by J. T. B. [i.e. James Trower Bullock.]","B., J. T.","BULLOCK, James Trower.",monographic,http://www.flickr.com/photos/britishlibrary/tags/sysnum000158408,British Library HMNTS 11645.g.24.
158952,,London,1874,Robert Hardwicke,"Swythamley and its Neighbourhood, Past and Present. Desultory fragments collected from various authors. ב פלב [By P. L. B., i.e. Philip Lancaster Brocklehurst.]","B., P. L.","BROCKLEHURST, Philip Lancaster.",monographic,http://www.flickr.com/photos/britishlibrary/tags/sysnum000158952,British Library HMNTS 010358.f.45.
159421,,London,,"Griffith, Farran & Co.","The Briny Deep; or, the Log of “The Flying Cloud.” A story ... By Captain Tom. [Signed: T. A. B., i.e. Captain Thomas A. Boulton.] Illustrated by Captain W. W. May","B., T. A.","BOULTON, Thomas A.",monographic,http://www.flickr.com/photos/britishlibrary/tags/sysnum000159421,British Library HMNTS 10026.f.7.
159457,,London,1837,Manning & Smithson,"The White Lady. A legend of Artagh. [Signed: T. W. B., i.e. T. W. Beaumont.] Ms. notes","B., T. W.","BEAUMONT, Thomas Wentworth.",monographic,http://www.flickr.com/photos/britishlibrary/tags/sysnum000159457,British Library HMNTS 11644.h.9.
159509,Another edition. A facsimile reproduction of the edition of 1807. With an introduction by Charles Welsh.,London,1883,Griffith & Farran,"[The Elephant's Ball and Grand Fete Champetre. [In verse.] Intended as companion to those much admired pieces, The Butterfly's Ball, and The Peacock “at home.” Illustrated with elegant engravings [by William Mulready]. By W. B.]","B., W.","Mulready, William",monographic,http://www.flickr.com/photos/britishlibrary/tags/sysnum000159509,British Library HMNTS 11645.ff.30.(4.)
159595,,London,1876,Sampson Low & Co.,"This Son of Vulcan. A novel. By the authors of “Ready-money Mortiboy,” etc. [The preface signed: W. B. and J. R., i.e. Walter Besant and James Rice.]","Besant, Walter - Sir","Rice, James",monographic,http://www.flickr.com/photos/britishlibrary/tags/sysnum000159595,British Library HMNTS 12636.l.4.
159628,,London,1891,A. White & Co.,"The Emigrants' Guide to South Africa ... Seventh edition, etc. [The preface signed: W. C. B., i.e. W. C. Burnet. With illustrations.]","B., W. C.","BURNET, W. C.",monographic,http://www.flickr.com/photos/britishlibrary/tags/sysnum000159628,British Library HMNTS 10097.ccc.16.
160715,,London,1856,W. S. Johnson,"The Babes in the Wood; or, Harlequin and the Cruel Uncle. A ... pantomime, founded on the ancient ballad ... The opening story written by the author of ... “The Three Bears,” “Little Bo-peep” [J. B. Buckstone?] ... The harlequinade ... by Mr. W. Dorrington. First performed at the Theatre Royal, Haymarket, on Friday, December 26th, 1856",,"BUCKSTONE, John Baldwin.|DORRINGTON, W.",monographic,http://www.flickr.com/photos/britishlibrary/tags/sysnum000160715,British Library HMNTS 11781.e.38.(10.)
161013,,London,1895,Longmans & Co.,Fallacies of Race Theories as applied to national characteristics. Essays. [Edited with a preface by Hercules H. G. MacDonnell.],"BABINGTON, William Dalton.","Macdonnell, Hercules H. G. (Hercules Henry Graves)",monographic,http://www.flickr.com/photos/britishlibrary/tags/sysnum000161013,British Library HMNTS 9004.g.24.
161413,,London,1874,Richard Bentley & Son,As Innocent as a Baby. A novel. [By William Clark Russell.],,"RUSSELL, William Clark.",monographic,http://www.flickr.com/photos/britishlibrary/tags/sysnum000161413,British Library HMNTS 12633.m.1.
163920,,London,,William Pickering,"The Works of Francis Bacon ... A new edition: by Basil Montagu, Esq. [With a portrait from a miniature by Nicholas Hilliard.] L.P: Works","Bacon, Francis","MONTAGU, Basil.|WOOD, William - Translator",monographic,http://www.flickr.com/photos/britishlibrary/tags/sysnum000163920,British Library HMNTS 12270.s.1.
164916,,London,1843,Thomas Arnold,"The Orientalist; containing a series of tales, legends, and historical romances ... With engravings by W. and E. Finden, from sketches by the author, and Captain Meadows Taylor","BACON, Thomas - F.S.A","FINDEN, Edward Francis.|FINDEN, William.|TAYLOR, Philip Meadows - Colonel",monographic,http://www.flickr.com/photos/britishlibrary/tags/sysnum000164916,British Library HMNTS 10056.ff.13.|British Library OC T 41576
165908,,London,1817,J. Bumpus,"The History of Norway, from the earliest times, by G. L. Baden, and from the Union of Calmar, by Baron Holbey. Translated from the Danish, and continued to the present time, by A. Andersen Feldborg","BADEN, Gustav Ludvig.","FELDBORG, Andreas Andersen.",monographic,http://www.flickr.com/photos/britishlibrary/tags/sysnum000165908,British Library HMNTS 9435.d.13.
170138,,London,1882,W. H. Allen & Co.,Gujarát and the Gujarátis: pictures of men and manners taken from life. [With a preface by E. B. Eastwick.],,"Eastwick, Edward Backhouse",monographic,http://www.flickr.com/photos/britishlibrary/tags/sysnum000170138,British Library HMNTS 10058.df.1.|British Library OC T 35799
172465,,London,1825,Printed for private circulation,"Trifles in Verse. [The editor's preface signed: A. B., i.e. Alexander Baillie.]","BAILLIE, Marianne.","B., A.|BAILLIE, Alexander.",monographic,http://www.flickr.com/photos/britishlibrary/tags/sysnum000172465,British Library HMNTS 11642.c.17.
172765,,London,1801,"J. Wallis, etc.","Letters upon the Atalantis of Plato, and the ancient history of Asia: intended as a continuation of the Letters upon the origin of the sciences addressed to M. de Voltaire. [Translated by James Jacque.]","BAILLY, Jean Sylvain.","JACQUE, James.",monographic,http://www.flickr.com/photos/britishlibrary/tags/sysnum000172765,British Library HMNTS 1312.b.15.
173479,,London,1836,"Fisher, Son & Co.","History of the County Palatine and Duchy of Lancaster ... The biographical department by W. R. Whatton, Esq. (History of the cotton manufacture [by Edward Baines Jun.]) [With plates.]","BAINES, Edward - M.P. for Leeds","WHATTON, William Robert.",monographic,http://www.flickr.com/photos/britishlibrary/tags/sysnum000173479,British Library HMNTS 10368.l.15.
173480,"A new, revised, and improved edition, edited by ... John Harland, etc. (Continued and completed by Brooke Herford.).",London,,G. Routledge & Sons,"[History of the County Palatine and Duchy of Lancaster ... The biographical department by W. R. Whatton, Esq. (History of the cotton manufacture [by Edward Baines Jun.]) [With plates.]]","BAINES, Edward - M.P. for Leeds","HARLAND, John - Antiquary|HERFORD, Brooke.|WHATTON, William Robert.",monographic,http://www.flickr.com/photos/britishlibrary/tags/sysnum000173480,British Library HMNTS 10368.l.20.
173648,,London,1864,Longman & Co.,"Explorations in South-West Africa. Being an account of a journey in ... 1861 and 1862 from Walvisch Bay, on the western coast, to Lake Ngami and the Victoria Falls. [With a preface by M. A. Baines, and maps and plates.]","BAINES, Thomas - F.R.G.S","BAINES, M. A.",monographic,http://www.flickr.com/photos/britishlibrary/tags/sysnum000173648,British Library HMNTS 010095.ee.38.
175277,,London,1888,Kegan Paul & Co.,Betram de Drumont. [A tale. Edited by Thomas Baker.],"BAKER, Ella.","BAKER, Thomas - Barrister-at-Law",monographic,http://www.flickr.com/photos/britishlibrary/tags/sysnum000175277,British Library HMNTS 012632.l.42.
175279,,London,1888,Kegan Paul & Co.,Kingscote Stories. [Edited by Thomas Baker.],"BAKER, Ella.","BAKER, Thomas - Barrister-at-Law",monographic,http://www.flickr.com/photos/britishlibrary/tags/sysnum000175279,British Library HMNTS 012632.l.41.
175676,,London,1899,Chapman & Hall,Stories of the Streets of London ... With ... illustrations by C. G. Harper,"BAKER, Henry Barton.","HARPER, Charles George.",monographic,http://www.flickr.com/photos/britishlibrary/tags/sysnum000175676,British Library HMNTS 10350.de.39.
175833,,London,1879,"Simpkin, Marshall & Co.",Quiet War Scenes. Poems and translations. With eight illustrations ... by H. Whatley,"BAKER, James - of Clifton, Bristol","WHATLEY, H.",monographic,http://www.flickr.com/photos/britishlibrary/tags/sysnum000175833,British Library HMNTS 11652.cc.6.
176475,,London,1865,"Smith, Elder & Co.","Noel or, It was to be","BAKER, Robert - Novelist, and YORKE (Skelton)","YORKE, Skelton.",monographic,http://www.flickr.com/photos/britishlibrary/tags/sysnum000176475,British Library HMNTS 12631.l.2.
176559,,London,1874,Macmillan & Co.,"Ismailïa. A narrative of the expedition to Central Africa for the suppression of the slave trade; organized by Ismail, Khedive of Egypt ... With maps, portraits, and ... illustrations, etc","BAKER, Samuel White - Sir","DURAND, Godefroy.|ZWECKER, John Baptist.",monographic,http://www.flickr.com/photos/britishlibrary/tags/sysnum000176559,British Library HMNTS 10095.df.8.
179539,,London,,"Simpkin, Marshall & Co.",Ingleton: bygone and present. [With a map and illustrations.],"BALDERSTON, Robert R. - and BALDERSTON (Margaret)","BALDERSTON, Margaret.",monographic,http://www.flickr.com/photos/britishlibrary/tags/sysnum000179539,British Library HMNTS 10358.ccc.33
180894,,London,,Richard Bentley,"African Hunting from Natal to the Zambesi including Lake Ngami, the Kalahari Desert, &c. from 1852 to 1860 ... With illustrations [including a portrait] by James Wolf and J. B. Zwecker","BALDWIN, William Charles.","WOLF, James - Artist|ZWECKER, John Baptist.",monographic,http://www.flickr.com/photos/britishlibrary/tags/sysnum000180894,British Library HMNTS 010095.g.6.
181560,,London,1825,"Hurst, Robinson & Co.",The Historical Works of Sir James Balfour ... Published from the original mss. preserved in the library of the Faculty of Advocates. [Edited by James Haig. With a prefatory memoir taken from the Memoria Balfouriana of Sir Robert Sibbald.],"BALFOUR, James - Sir, Bart., of Kinnaird","HAIG, James - of the Advocates Library, Edinburgh|Sibbald, Robert - Sir",monographic,http://www.flickr.com/photos/britishlibrary/tags/sysnum000181560,British Library HMNTS 600.f.4-7.
181975,,London,1853,Chapman & Hall,The Diary of Martha Bethune Baliol from 1753 to 1754. [By Harriet Skene.],"BALIOL, Martha Bethune.","SKENE, Harriet.",monographic,http://www.flickr.com/photos/britishlibrary/tags/sysnum000181975,British Library HMNTS 12627.b.10.
182354,,London,,Published & sold in the Theatre,"Lurline: a grand romantic original opera, in three acts, composed by W. Vincent Wallace, the words by E. Fitzball: first produced at the Royal English Opera, Covent Garden ... February 23rd 1860","BALL, afterwards FITZBALL, Edward.","WALLACE, William Vincent - Musical Composer",monographic,http://www.flickr.com/photos/britishlibrary/tags/sysnum000182354,British Library HMNTS 11781.d.23.(3.)
183576,,London,,"Ward, Lock & Co.",Brave Old Ballads. Illustrated with coloured engravings from drawings by John Gilbert,,"Gilbert, John - Sir",monographic,http://www.flickr.com/photos/britishlibrary/tags/sysnum000183576,British Library HMNTS 11601.ee.8.
186463,,London,1841,John Murray,"A Residence on the Shores of the Baltic. Described in a series of letters. [By Elizabeth Rigby, afterwards Lady Eastlake.]",,"RIGBY, Elizabeth - afterwards EASTLAKE (Elizabeth) Lady",monographic,http://www.flickr.com/photos/britishlibrary/tags/sysnum000186463,British Library HMNTS 791.i.9.
186464,"Another edition. Letters from the Shores of the Baltic. Second edition, with twenty etchings. By Elizabeth Rigby, afterwards Lady Eastlake.",London,1842,John Murray,"[A Residence on the Shores of the Baltic. Described in a series of letters. [By Elizabeth Rigby, afterwards Lady Eastlake.]]",,"RIGBY, Elizabeth - afterwards EASTLAKE (Elizabeth) Lady",monographic,http://www.flickr.com/photos/britishlibrary/tags/sysnum000186464,British Library HMNTS 10106.df.15.
189368,,London,1825,Longman & Co.,"Excursions from Bandon, in the South of Ireland. By a plain Englishman [i.e. Thomas Sheahan]",,"SHEAHAN, Thomas.",monographic,http://www.flickr.com/photos/britishlibrary/tags/sysnum000189368,British Library HMNTS 792.c.32.(1.)
189612,,London,1843,"Smith, Elder & Co.","Summer Excursions in the neighbourhood of Banff, and vicinity of Duff-House, Bridge of Alva, &c. &c. By a Deveronside poet [i.e. Alexander Harper. In verse]. To which are appended some notices of the works of art in Duff-House. [With plates and a map.]",,"HARPER, Alexander - Poetical Writer",monographic,http://www.flickr.com/photos/britishlibrary/tags/sysnum000189612,British Library HMNTS 1466.f.2.
190876,,London,1731,W. Meadows; S. Billingsley,The Fall of the Earl of Essex ... Alter'd [by James Ralph] from the Unhappy Favourite of Mr. Banks. [In verse.],"BANKS, John - Dramatic Writer","RALPH, James - Miscellaneous Writer",monographic,http://www.flickr.com/photos/britishlibrary/tags/sysnum000190876,British Library HMNTS 642.h.28.(2.)
191424,,London,1877,Sampson Low & Co.,Africa and the Brussels Geographical Conference ... Translated by R. H. Major ... With a map,"BANNING, Emile.|BANNISTER, John - LL.D","MAJOR, Ralph Hermon.",monographic,http://www.flickr.com/photos/britishlibrary/tags/sysnum000191424,British Library HMNTS 10096.bbb.25.
192659,,London,1891,Henry Frowde,"The Vision of Barabbas, and other poems. [By John Joseph Brown.]",,"BROWN, John Joseph.",monographic,http://www.flickr.com/photos/britishlibrary/tags/sysnum000192659,British Library HMNTS 11651.g.41.
193941,,London,1874,Samuel Tinsley,"Barbara's Warning. A novel. By the author of “Recommended to Mercy” [i.e. Matilda C. Houstoun], etc",,"HOUSTOUN, Matilda Charlotte.",monographic,http://www.flickr.com/photos/britishlibrary/tags/sysnum000193941,British Library HMNTS 12631.n.3.
193942,,London,,J. & R. Maxwell,"The Story of Barbara; her splendid misery, and her gilded cage. A novel. By the author of “Lady Audley's Secret” [i.e. Mary E. Braddon]",,"Braddon, M. E. (Mary Elizabeth)",monographic,http://www.flickr.com/photos/britishlibrary/tags/sysnum000193942,British Library HMNTS 12640.g.8.
194186,,London,,"Charles Corbett, etc","A Voyage to Barbary, for the Redemption of Captives; performed, in 1720, by the Mathurin-Trinitarian Fathers, Fran, Comelin, Philemon de la Motte, and Jos. Bernard. Now first Englished [by J. Morgan] from the French original [of P. de La Motte]. With lists of ... slaves ransomed ... from Mequeniz: also very exact draughts of that place, Alcasar, Oran, and its neighbourhood, with maps, etc: [Voyage pour la redemption des captifs, aux royaumes d'Alger et de Tunis.]",,"BERNARD, Joseph - Abbé",monographic,http://www.flickr.com/photos/britishlibrary/tags/sysnum000194186,British Library HMNTS 1047.g.2.
194842,,London,1734,C. Rivington,"Poems on several Occasions. [With a letter from Dean Swift to Lord Orrery, prefixed; and laudatory verses to the author, by Constantia Grierson.]","BARBER, Mary - Writer of Verse","GRIERSON, Constantia - Mrs",monographic,http://www.flickr.com/photos/britishlibrary/tags/sysnum000194842,British Library HMNTS 642.l.3.|British Library HMNTS 77.k.8.
199977,"Another edition. The Ingoldsby Legends ... Edited, with notes introductory and illustrative, by R. H. Dalton Barham. (Annotated edition.).",London,,Richard Bentley,[The Ingoldsby Legends ... Second edition. [First series. With illustrations by George Cruikshank and John Leech.]]: Ingoldsby Legends. Complete Editions,"Ingoldsby, Thomas","BARHAM, Richard Harris Dalton.",monographic,http://www.flickr.com/photos/britishlibrary/tags/sysnum000199977,British Library HMNTS 11650.g.1.
201740,,London,1870,Macmillan & Co.,"Station Life in New Zealand. [With a preface signed: F. N. B., i.e. Sir Frederick N. Broome.]","BARKER, afterwards BROOME, Mary Anne - Lady","B., F. N.|BROOME, Frederick Napier - Sir",monographic,http://www.flickr.com/photos/britishlibrary/tags/sysnum000201740,British Library HMNTS 10491.pp.3.
203445,,London,1846,"Simpkin, Marshall & Co.",Barnard. A modern romance. [By John Stores Smith. In verse.],,"SMITH, John Stores.",monographic,http://www.flickr.com/photos/britishlibrary/tags/sysnum000203445,British Library HMNTS 1466.f.38.